{
  "model": "LGB(0.60) + XGB(0.40)",
  "params": {
    "objective": "binary",
    "metric": "auc",
    "num_leaves": 63,
    "learning_rate": 0.01,
    "feature_fraction": 0.8,
    "bagging_fraction": 0.8,
    "bagging_freq": 5,
    "min_child_samples": 10,
    "seed": 42,
    "verbosity": -1,
    "n_jobs": -1,
    "scale_pos_weight": 1
  },
  "num_rounds": 1000,
  "features": [
    "age",
    "kyc_level",
    "user_source",
    "twd_deposit_count",
    "twd_withdraw_count",
    "total_twd_volume",
    "avg_twd_amount",
    "night_tx_ratio",
    "high_speed_risk",
    "unique_ip_count",
    "max_ip_shared_users",
    "ip_anomaly",
    "crypto_deposit_count",
    "crypto_withdraw_count",
    "crypto_currency_count",
    "min_retention_minutes",
    "retention_event_count",
    "asymmetry_flag",
    "usdt_tx_count",
    "swap_count",
    "swap_twd_volume",
    "swap_buy_count",
    "swap_sell_count",
    "swap_buy_ratio",
    "blacklist_neighbor_count",
    "is_direct_neighbor",
    "deposit_only_flag",
    "twd_deposit_ratio",
    "crypto_net_flow",
    "tx_per_day",
    "total_volume",
    "swap_to_twd_ratio"
  ],
  "oof_metrics": {
    "auc": 0.8317,
    "f1": 0.3011,
    "precision": 0.2753,
    "recall": 0.3323,
    "threshold": 0.24,
    "accuracy": 0.9504,
    "composite": 0.6757
  },
  "best_spw": 1,
  "blend_weight_lgb": 0.6,
  "xgb_oof_auc": 0.8265,
  "spw_search": {
    "1": {
      "composite": 0.6732187159939722,
      "auc": 0.832938381748785,
      "f1": 0.28794280142996426,
      "acc": 0.9570535311758825,
      "thr": 0.17000000000000004
    },
    "3": {
      "composite": 0.6731436487955951,
      "auc": 0.8307571919285023,
      "f1": 0.29170521122417514,
      "acc": 0.9549757923829312,
      "thr": 0.31000000000000005
    },
    "5": {
      "composite": 0.6634410753813573,
      "auc": 0.8258366873191182,
      "f1": 0.27711150803776474,
      "acc": 0.9444694905619695,
      "thr": 0.26000000000000006
    },
    "10": {
      "composite": 0.6717907290659044,
      "auc": 0.8311094221808613,
      "f1": 0.28997134670487107,
      "acc": 0.9514279553874199,
      "thr": 0.5000000000000001
    },
    "20": {
      "composite": 0.6513407133237649,
      "auc": 0.8192002225782025,
      "f1": 0.24656733859187846,
      "acc": 0.9494482231413058,
      "thr": 0.5400000000000001
    },
    "30": {
      "composite": 0.6654762606336234,
      "auc": 0.8283809127583347,
      "f1": 0.27917858071224333,
      "acc": 0.9456455691240175,
      "thr": 0.6200000000000001
    }
  },
  "submission": {
    "total": 12753,
    "blacklist": 501,
    "normal": 12252
  },
  "folds": [
    {
      "fold": 1,
      "threshold": 0.19,
      "precision": 0.3333,
      "recall": 0.2713,
      "f1": 0.2992,
      "auc": 0.844,
      "accuracy": 0.9591,
      "val_pos": 328
    },
    {
      "fold": 2,
      "threshold": 0.05,
      "precision": 0.23,
      "recall": 0.3323,
      "f1": 0.2718,
      "auc": 0.819,
      "accuracy": 0.9428,
      "val_pos": 328
    },
    {
      "fold": 3,
      "threshold": 0.15,
      "precision": 0.3174,
      "recall": 0.3232,
      "f1": 0.3202,
      "auc": 0.8485,
      "accuracy": 0.9559,
      "val_pos": 328
    },
    {
      "fold": 4,
      "threshold": 0.18,
      "precision": 0.3546,
      "recall": 0.2713,
      "f1": 0.3074,
      "auc": 0.8378,
      "accuracy": 0.9607,
      "val_pos": 328
    },
    {
      "fold": 5,
      "threshold": 0.15,
      "precision": 0.3048,
      "recall": 0.3262,
      "f1": 0.3152,
      "auc": 0.8264,
      "accuracy": 0.9544,
      "val_pos": 328
    }
  ]
}